Built,n,prop
3.5.0,81,0.9759036144578314
3.5.1,2,0.024096385542168676
