Built,n,prop
3.5.0,86,0.9772727272727273
3.5.1,2,0.022727272727272728
